{
    "$schema": "https://schema.management.azure.com/schemas/2019-04-01/deploymentTemplate.json#",
    "contentVersion": "1.0.0.0",
    "parameters": {
        "userAssignedIdentities_dbmanagedidentity_name": {
            "defaultValue": "dbmanagedidentity",
            "type": "String"
        }
    },
    "variables": {},
    "resources": [
        {
            "type": "Microsoft.ManagedIdentity/userAssignedIdentities",
            "apiVersion": "2023-07-31-preview",
            "name": "[parameters('userAssignedIdentities_dbmanagedidentity_name')]",
            "location": "eastus",
            "tags": {
                "application": "databricks",
                "databricks-environment": "true"
            }
        }
    ]
}