{
    "$schema": "https://schema.management.azure.com/schemas/2015-01-01/deploymentParameters.json#",
    "contentVersion": "1.0.0.0",
    "parameters": {
        "workspaces_adb_taxi_tshidi_name": {
            "value": null
        },
        "accessConnectors_storageacc_name": {
            "value": null
        },
        "storageAccounts_taxitshidistorage1_name": {
            "value": null
        },
        "storageAccounts_transitsystemstorage1_name": {
            "value": null
        }
    }
}